idtutor,dni_tutor,email_tutor,celular_tutor,apellido_tutor,nombre_tutor,direccion_tutor,createdAt,updatedAt
1,5108758201600403,cgibbieson0@globo.com,7072276599,Gibbieson,Clarine,49 Miller Road,2020-05-14,2017-03-01
2,5108756689311444,svizard1@salon.com,7443265022,Vizard,Stanford,4 Melrose Trail,2020-06-12,2016-02-04
3,5108757466573545,iguerin2@godaddy.com,6099821765,Guerin,Iver,717 Fisk Junction,2022-04-24,2018-03-15
4,5048378398677628,hbaglow3@google.co.uk,4781480152,Baglow,Hattie,09425 Coolidge Plaza,2023-08-26,2002-01-26
5,5108757568247873,rgabbitis4@bloglovin.com,3962248870,Gabbitis,Rudyard,9520 Di Loreto Drive,2020-01-18,2006-03-03
6,5048375754042561,boffner5@liveinternet.ru,7106542024,Offner,Bord,5 Glendale Court,2022-05-18,2005-09-21
7,5048373200855090,rsorensen6@unesco.org,9386169557,Sorensen,Ricoriki,80218 Jay Way,2021-08-15,2003-09-13
8,5048372947215782,lscotcher7@qq.com,7732846371,Scotcher,Lauree,926 Waywood Center,2021-01-28,2018-11-14
9,5108753062816347,vroma8@dailymotion.com,2858415233,Roma,Vannie,7386 Warrior Alley,2020-03-23,2020-06-18
10,5048371630997417,acollop9@elpais.com,3376453880,Collop,Alley,754 Bashford Avenue,2023-03-17,2000-02-27
11,5048370121683403,gtoderinia@blogtalkradio.com,5266737897,Toderini,Guillemette,1 Haas Junction,2021-01-15,2002-03-13
12,5048379224111311,mspenceleyb@booking.com,2122130954,Spenceley,Marshall,302 Trailsway Plaza,2021-01-10,2015-03-03
13,5108757974505096,sfriesec@imgur.com,4846567121,Friese,Sinclare,22461 Dunning Street,2022-05-03,2013-11-15
14,5108754345925319,rmeird@gravatar.com,5581912297,Meir,Rhodia,65027 Debs Drive,2022-11-02,2004-05-25
15,5048377622213531,coiliere@house.gov,7131588941,OIlier,Clarke,453 Erie Pass,2020-09-07,2018-01-12
16,5108758981762514,hscaddingf@is.gd,6923147585,Scadding,Hansiain,8874 Forest Run Way,2022-05-08,2022-12-13
17,5108758861318387,jfinlayg@army.mil,4011106482,Finlay,Judah,41 Nancy Pass,2022-08-28,2014-01-07
18,5108754436841706,atilbeyh@princeton.edu,1152716127,Tilbey,Ammamaria,4 Helena Terrace,2020-04-24,2016-04-07
19,5108756081501279,rtackelli@nba.com,6472182935,Tackell,Rana,8 Fremont Park,2020-01-11,2021-02-15
20,5048376946659536,gcalabryj@ebay.co.uk,7045443745,Calabry,Gerrard,70 Burning Wood Circle,2022-01-27,2000-04-28
21,5108752504330909,ktownendk@moonfruit.com,8764691877,Townend,Kira,16897 Mockingbird Place,2022-01-20,2016-05-19
22,5108758943830367,ngreenwoodl@usgs.gov,4861557299,Greenwood,Nicolle,8618 Toban Terrace,2022-07-28,2019-07-27
23,5108756241798203,bmolyneauxm@dailymotion.com,9206491825,Molyneaux,Bernete,799 Walton Pass,2021-11-15,2020-01-10
24,5048376317500053,fvongrollmannn@t.co,1898796763,von Grollmann,Frants,7410 Fairfield Way,2020-09-29,2018-04-16
25,5048372835255494,mruoso@parallels.com,3837807012,Ruos,Modesta,9107 Lakewood Lane,2023-08-18,2009-02-26
26,5048370375987823,gdibaudip@desdev.cn,8216639148,Di Baudi,Garvey,82821 Iowa Place,2021-06-16,2018-06-20
27,5108757701326725,sfarriarq@topsy.com,6851208666,Farriar,Stanford,572 Talmadge Point,2022-01-07,2011-01-02
28,5048371878504644,mocurriner@bloomberg.com,5657081774,O'Currine,Marcile,3584 Carberry Pass,2022-10-10,2001-01-12
29,5048372630912539,jderells@intel.com,9093380856,Derell,Jillane,3762 Eggendart Court,2021-07-16,2019-08-27
30,5048372605544986,cbenainet@mayoclinic.com,1043760294,Benaine,Cameron,7588 Eagle Crest Alley,2020-04-29,2020-07-02
31,5108754556033415,tninottiu@amazonaws.com,5235999224,Ninotti,Tammy,3740 Declaration Road,2022-03-05,2009-10-31
32,5048373320844537,jclayalv@bandcamp.com,7396028365,Clayal,Jermain,88899 Mifflin Point,2021-12-30,2017-12-22
33,5048376744193936,tfluckerw@dot.gov,7946860728,Flucker,Trenton,222 Everett Lane,2020-08-26,2009-03-13
34,5048378945860537,rcairneyx@umich.edu,6958278335,Cairney,Raleigh,3273 Oneill Park,2022-04-25,2012-08-15
35,5048377167209886,lbrumbyey@phpbb.com,7065775108,Brumbye,Leonora,929 Petterle Plaza,2022-02-15,2010-12-21
36,5108754067354243,kdurkerz@gnu.org,7604401078,Durker,Kristi,245 Elmside Park,2023-06-23,2009-01-31
37,5108756226290994,cpeschmann10@addthis.com,4702747671,Peschmann,Carol-jean,4 Dakota Park,2021-01-20,2007-06-23
38,5108750014300347,jpuvia11@shop-pro.jp,1027215824,Puvia,Jobi,548 Crowley Junction,2021-01-09,2015-10-16
39,5048375407570091,smacandrew12@home.pl,3589193198,MacAndrew,Sterling,5 Bartelt Lane,2020-06-30,2001-10-27
40,5108757735844107,evine13@buzzfeed.com,7633080195,Vine,Eartha,7 Kinsman Pass,2021-11-04,2001-04-17
41,5108757307217237,sflett14@slideshare.net,1581011605,Flett,Sauncho,524 Hoard Place,2021-10-06,2007-08-13
42,5108750874255102,wdrewe15@skype.com,2669585418,Drewe,Wren,469 Stephen Center,2021-08-27,2000-10-24
43,5048371308785821,lkeenleyside16@google.it,4602640343,Keenleyside,Lorilee,377 Dottie Alley,2022-09-16,2014-08-16
44,5048376261405416,ichasle17@jiathis.com,7304180199,Chasle,Issie,346 Lunder Parkway,2023-04-21,2008-02-28
45,5048375368988001,mlangton18@time.com,1847063213,Langton,Melodee,871 Linden Trail,2023-12-05,2018-04-26
46,5048378208311392,tgerred19@sun.com,4229521932,Gerred,Tonya,4 Mesta Parkway,2022-02-12,2020-02-13
47,5048376600199654,dnorcliff1a@discuz.net,5235745491,Norcliff,Diane,79682 Hanover Terrace,2020-09-16,2018-04-30
48,5048372610628659,npeschmann1b@un.org,6992845029,Peschmann,Netti,8 Caliangt Drive,2023-09-01,2001-10-19
49,5108750237203385,rfidler1c@sciencedaily.com,5865561768,Fidler,Randa,1 Charing Cross Court,2020-09-04,2015-01-21
50,5048379788008010,tandrich1d@sogou.com,9448944181,Andrich,Tracie,34765 Merchant Terrace,2020-08-04,2007-02-19
51,5048379143307305,jbodleigh1e@engadget.com,8421951217,Bodleigh,Judith,68 Gerald Way,2023-09-07,2003-02-23
52,5048377704509939,kodhams1f@github.io,5608840013,Odhams,Klemens,953 Montana Way,2022-10-24,2007-09-30
53,5108752645422177,dchittie1g@redcross.org,5406598562,Chittie,Drugi,21663 Prairieview Road,2021-09-20,2004-01-09
54,5048375685221029,hhovel1h@vinaora.com,2128717847,Hovel,Huntlee,273 Artisan Center,2020-06-16,2020-05-05
55,5108759712742809,fkemmet1i@examiner.com,4792061257,Kemmet,Freeman,02 Atwood Avenue,2020-04-13,2000-11-21
56,5108750392605598,cgall1j@globo.com,1519466562,Gall,Casey,2 Blue Bill Park Way,2021-12-14,2005-07-12
57,5108753613578917,ccasaccia1k@myspace.com,4545958658,Casaccia,Colman,17 Kim Terrace,2023-04-17,2009-06-20
58,5048374111731131,gdone1l@usgs.gov,2437071059,Done,Gerianne,0 Butterfield Trail,2020-08-20,2003-08-02
59,5108759382432426,esolan1m@xing.com,8866824500,Solan,Eduard,8 Meadow Vale Plaza,2023-02-10,2004-08-25
60,5108757230089133,bwilacot1n@usda.gov,3269770130,Wilacot,Buckie,950 Maryland Lane,2022-01-24,2007-03-27
61,5048376180996958,alaxtonne1o@addtoany.com,5857451144,Laxtonne,Angele,22158 Toban Avenue,2022-09-11,2018-11-09
62,5048372184792485,qcahey1p@apache.org,1548167628,Cahey,Quint,31061 Mccormick Trail,2020-07-03,2004-02-09
63,5048373636762233,rprangle1q@berkeley.edu,9856821468,Prangle,Rodd,752 Cottonwood Way,2023-03-24,2006-04-23
64,5048379737308925,ctibols1r@bloomberg.com,4845855614,Tibols,Cristal,90399 Farmco Plaza,2021-05-12,2006-11-14
65,5108754271385678,ehadeke1s@cornell.edu,2861471818,Hadeke,Evaleen,21 Ruskin Avenue,2023-05-29,2019-07-26
66,5108750587742693,bdiben1t@ifeng.com,5987392684,Diben,Beverlie,6671 Pine View Point,2020-04-26,2005-05-31
67,5048372629466554,wdukesbury1u@omniture.com,6407950058,Dukesbury,Walton,07080 Birchwood Park,2022-02-18,2000-06-16
68,5108755736946574,droullier1v@php.net,5493642622,Roullier,Dione,578 Del Mar Plaza,2020-06-04,2016-11-29
69,5108750622128742,emeagher1w@facebook.com,7234194266,Meagher,Evaleen,16 Mendota Junction,2022-01-17,2004-04-18
70,5108755706475158,gtoomey1x@wix.com,5137052333,Toomey,Gerrilee,7 Eagan Road,2023-04-20,2018-10-21
71,5048378481006941,eyarnell1y@nih.gov,8455547764,Yarnell,Elvis,6630 Schmedeman Road,2020-09-20,2008-03-08
72,5108756485020405,gbilverstone1z@icio.us,2392661258,Bilverstone,Gerri,526 Butternut Alley,2020-03-04,2007-03-11
73,5108752730433733,jdarley20@google.ca,2913580160,Darley,Josiah,4959 Pennsylvania Terrace,2022-03-11,2015-05-14
74,5108752466314792,epervoe21@indiatimes.com,3696710570,Pervoe,Eberhard,45222 Little Fleur Circle,2021-05-30,2009-09-16
75,5108754640633105,mbredbury22@toplist.cz,7323829800,Bredbury,Morly,07769 Coleman Parkway,2020-08-20,2017-10-14
76,5048379662085738,dfeaveryear23@cnbc.com,1384033865,Feaveryear,Daren,13574 Farmco Park,2023-01-06,2022-12-07
77,5048375848769344,vwaszczyk24@slashdot.org,9748167210,Waszczyk,Valentine,2 Kenwood Way,2023-05-28,2008-08-07
78,5048379313187495,htuma25@miibeian.gov.cn,9241911210,Tuma,Hervey,9 Stang Pass,2021-06-26,2020-06-10
79,5108753802193296,pthickett26@live.com,4902800180,Thickett,Peter,200 Fairfield Court,2023-04-11,2004-06-11
80,5108751733237919,nramstead27@ocn.ne.jp,6572110956,Ramstead,Ninon,424 Dunning Terrace,2022-12-16,2020-05-10
81,5108751961792767,bmohammed28@ameblo.jp,5735991097,Mohammed,Boigie,9419 Sachs Point,2023-02-01,2021-08-18
82,5048376662635504,sstandall29@clickbank.net,5804898442,Standall,Shae,768 Jenifer Lane,2022-07-15,2000-05-02
83,5048374836258188,aboydell2a@gnu.org,9728150781,Boydell,Abigale,4204 Erie Drive,2023-01-29,2008-11-28
84,5048370148061500,rritchley2b@nhs.uk,7495550866,Ritchley,Roarke,333 Chive Alley,2020-12-28,2002-08-06
85,5048376495212646,astquintin2c@storify.com,7067688579,St. Quintin,Alejoa,506 Kipling Crossing,2021-01-06,2014-05-13
86,5048379549750702,gcitrine2d@drupal.org,5461427138,Citrine,Gilberto,803 Golf Plaza,2021-07-08,2013-11-09
87,5108755114150138,colman2e@ow.ly,9277166152,Olman,Carney,779 Cody Crossing,2020-07-03,2022-10-02
88,5048370119931343,apentelo2f@123-reg.co.uk,9572841240,Pentelo,Angel,0 Mallory Avenue,2023-11-13,2008-08-01
89,5108754030975587,gmarti2g@angelfire.com,5606385740,Marti,Gardiner,7 Harbort Alley,2022-12-05,2016-03-29
90,5108752428398354,tdacosta2h@craigslist.org,2286417454,Da Costa,Tobit,138 Sherman Road,2020-09-29,2003-04-09
91,5048370720047927,jaldcorn2i@friendfeed.com,6162383385,Aldcorn,Joelie,816 Roxbury Street,2021-09-22,2008-05-01
92,5108754739106450,fgirodias2j@stumbleupon.com,6901393533,Girodias,Ferdinand,47891 Arkansas Drive,2021-05-23,2011-04-29
93,5048376593930958,rkrzyzanowski2k@nbcnews.com,2736414152,Krzyzanowski,Renate,5258 Sunnyside Point,2022-01-04,2014-11-08
94,5048377245481648,tmeiklejohn2l@imgur.com,7859341046,Meiklejohn,Timoteo,138 Brickson Park Street,2022-09-17,2007-08-24
95,5108759223617201,rcardillo2m@rakuten.co.jp,5497160946,Cardillo,Reube,4189 Browning Hill,2021-11-20,2017-08-14
96,5108756772809569,gmcbeath2n@ft.com,5885699392,McBeath,Gabbie,08716 Pearson Road,2022-10-18,2005-06-18
97,5108757279397173,apaskell2o@exblog.jp,7479097789,Paskell,Audie,93299 Lillian Drive,2021-02-09,2014-12-19
98,5048378326387480,sfoulsham2p@pcworld.com,4795011803,Foulsham,Sile,5304 Daystar Plaza,2022-08-22,2019-05-12
99,5108754821563063,tbelfrage2q@bbc.co.uk,2917871009,Belfrage,Tanya,8628 Weeping Birch Drive,2020-02-12,2003-05-14
100,5108756315912425,ehargrove2r@squarespace.com,9512203152,Hargrove,Ettie,60641 Scofield Terrace,2023-02-25,2012-01-09
101,5048370464065978,gclery2s@senate.gov,1354233407,Clery,Gardie,5592 Sage Trail,2021-11-05,2004-02-11
102,5108751443290034,yweatherhogg2t@canalblog.com,7402689784,Weatherhogg,Yuma,912 Sutherland Place,2021-06-13,2021-01-21
103,5108751250974738,dleonida2u@baidu.com,1893470255,Leonida,Dareen,2694 Cambridge Circle,2022-07-15,2016-04-19
104,5048371687091304,tmcdermott2v@google.com.au,9486098790,McDermott,Thurston,7 Montana Place,2022-02-26,2006-12-25
105,5048372558127888,lshopcott2w@pagesperso-orange.fr,2672892689,Shopcott,Laurie,304 Eggendart Lane,2023-11-02,2001-07-07
106,5108756599123905,mcockerell2x@vistaprint.com,6591424883,Cockerell,Michelina,1 Chive Point,2021-11-19,2000-04-01
107,5108756731340813,ccolebourne2y@nyu.edu,3131684312,Colebourne,Clerissa,39778 Scott Hill,2020-04-24,2015-10-10
108,5108751690197965,tphilipp2z@zimbio.com,9461074867,Philipp,Toddy,7 Luster Plaza,2023-06-05,2011-09-13
109,5048375257340215,wbarkshire30@digg.com,4955334014,Barkshire,Walt,662 Cascade Pass,2020-06-28,2014-04-07
110,5048373306022405,tbartlam31@tmall.com,6086978994,Bartlam,Torrey,15 Buena Vista Place,2020-05-11,2001-11-27
111,5048371634148843,lquarrell32@house.gov,4007737529,Quarrell,Lauren,8 Heath Park,2022-03-17,2009-08-20
112,5048377370452075,jpagett33@mozilla.com,3057498762,Pagett,Joann,131 Debs Circle,2020-05-06,2006-09-12
113,5048373399145253,wmulchrone34@ow.ly,7435204966,Mulchrone,Wendy,779 Stone Corner Lane,2021-09-21,2019-02-03
114,5108752764688301,dkincade35@tinypic.com,6219540919,Kincade,Debera,56855 Paget Street,2020-10-31,2016-06-23
115,5108756167071999,dbromidge36@epa.gov,9344039593,Bromidge,Dasya,369 Forest Run Alley,2020-09-19,2012-04-26
116,5048377323668835,edillintone37@ow.ly,1224707313,Dillintone,Emilio,6 Holy Cross Crossing,2021-08-20,2000-05-23
117,5108753870191495,criggs38@telegraph.co.uk,1458086486,Riggs,Coraline,3450 Melvin Lane,2022-05-08,2015-02-05
118,5048374262275516,jtomowicz39@feedburner.com,9426913142,Tomowicz,Joel,17 Glacier Hill Park,2020-07-08,2004-03-20
119,5108755583137723,lhawney3a@salon.com,6625930517,Hawney,Lefty,1 Mitchell Plaza,2022-12-25,2008-02-27
120,5108759465258615,mgodlonton3b@blogs.com,2776392866,Godlonton,Mechelle,077 Sutherland Way,2021-11-19,2015-05-12
121,5048378745478159,ikobpa3c@independent.co.uk,9205407818,Kobpa,Ines,694 Farragut Drive,2022-08-09,2001-09-10
122,5048376953302392,mlacheze3d@aol.com,2211264301,Lacheze,Mannie,6740 Ryan Plaza,2021-08-07,2007-03-25
123,5108758668323697,nmalamore3e@oakley.com,4905694748,Malamore,Norbie,4299 Schurz Crossing,2021-03-05,2006-04-19
124,5048373812734592,janyene3f@pagesperso-orange.fr,1885388550,Anyene,Jennette,62458 Lakewood Gardens Street,2022-11-20,2022-08-02
125,5048376561817476,ksmalles3g@msu.edu,7578214882,Smalles,Kelli,20 Sycamore Avenue,2021-03-24,2011-01-19
126,5048376736269900,rmcsarry3h@latimes.com,3638228985,Mcsarry,Rosie,3475 Derek Road,2020-12-30,2016-06-17
127,5108758780160159,fflemmich3i@wix.com,3444617111,Flemmich,Fanchette,92837 Lukken Pass,2021-05-06,2009-11-06
128,5048378554001944,fratnage3j@blogspot.com,7434632721,Ratnage,Ferrel,26765 2nd Avenue,2021-04-04,2018-10-07
129,5048375659180508,mbascomb3k@cloudflare.com,9419704917,Bascomb,Melina,1 Helena Way,2021-08-05,2021-09-19
130,5108759127421320,dshetliff3l@infoseek.co.jp,3706723728,Shetliff,Devin,58371 Nancy Terrace,2020-06-12,2006-08-18
131,5108756393328320,ltamlett3m@cnbc.com,5642684599,Tamlett,Lemuel,37 Garrison Drive,2022-01-14,2004-02-09
132,5048378162925971,eellesworthe3n@youtu.be,7469923127,Ellesworthe,Elsa,323 Stephen Drive,2023-04-25,2010-04-23
133,5108752484300609,mkeetley3o@g.co,1668361176,Keetley,Mollie,79243 Spenser Hill,2021-08-18,2018-04-03
134,5048375550077381,bmcvie3p@a8.net,2981524802,McVie,Binny,19116 Rowland Alley,2020-10-07,2020-08-15
135,5048372139007039,nmacgarrity3q@mac.com,7314312146,MacGarrity,Natalee,286 Iowa Circle,2021-12-04,2018-10-10
136,5108757620084769,smaddicks3r@com.com,4995136601,Maddicks,Spenser,39650 Briar Crest Junction,2020-12-28,2018-03-26
137,5048377094814287,jrooper3s@jiathis.com,2522834207,Rooper,Jackie,375 Dapin Plaza,2022-06-18,2011-07-30
138,5048376869860103,edebill3t@histats.com,9321315483,Debill,Estelle,40 Heffernan Pass,2022-08-03,2017-11-04
139,5048374174523482,mhaldin3u@shareasale.com,9322910228,Haldin,Melisenda,03195 Clarendon Parkway,2023-10-24,2002-07-10
140,5048377335081639,wkobke3v@adobe.com,2899020021,Kobke,Willy,2557 Straubel Avenue,2023-11-08,2006-06-06
141,5108751387975558,npoyzer3w@gizmodo.com,7914264615,Poyzer,Noreen,5 John Wall Point,2022-09-28,2004-06-15
142,5048371881161341,jfairweather3x@utexas.edu,5684836704,Fairweather,Jabez,61 Lindbergh Plaza,2023-03-08,2001-09-26
143,5048373159425994,jbetho3y@noaa.gov,4366531634,Betho,Jeanelle,2 Stephen Court,2021-11-28,2019-01-19
144,5048370685411662,aleddy3z@epa.gov,3307989366,Leddy,Ade,82 Summer Ridge Hill,2020-04-11,2009-10-11
145,5048376995919922,hlesley40@weebly.com,4052036759,Lesley,Harper,54 Dryden Street,2022-03-01,2022-05-13
146,5108757971226183,sberthe41@dropbox.com,1253363754,Berthe,Sorcha,635 Nancy Parkway,2023-02-02,2009-06-09
147,5048373945720336,odamato42@scientificamerican.com,1599140839,Damato,Odessa,2143 Forest Street,2023-12-20,2003-09-18
148,5108755368505888,ebenion43@microsoft.com,7186094144,Benion,Eugenio,4 Meadow Valley Crossing,2020-05-12,2015-11-25
149,5048375794981281,jloren44@amazonaws.com,1881404288,Loren,Jarid,44 Reindahl Point,2020-02-02,2006-09-15
150,5048375542470777,ggibbins45@posterous.com,5965221147,Gibbins,Gwendolen,67623 Boyd Pass,2023-03-13,2004-02-11
151,5048370085789592,klucien46@psu.edu,5031787697,Lucien,Kameko,8816 Loomis Road,2023-03-25,2018-02-19
152,5048378454257745,jborrington47@amazon.de,7078683420,Borrington,Joelly,1014 Huxley Trail,2020-09-12,2013-02-13
153,5048378550444114,hlutty48@blogs.com,9204919840,Lutty,Hugues,9 Prairieview Avenue,2023-05-21,2019-05-29
154,5108751422397883,ccolwill49@people.com.cn,6648631486,Colwill,Cointon,1456 Becker Trail,2023-08-04,2000-05-06
155,5108757898412361,thavill4a@ovh.net,6865717525,Havill,Travers,98251 Westridge Place,2022-09-27,2012-02-11
156,5048377329674563,hbascombe4b@webmd.com,7817017536,Bascombe,Hamil,1683 Crescent Oaks Terrace,2020-06-30,2015-07-08
157,5108758996264837,jeverest4c@salon.com,6901453093,Everest,Judye,5763 Milwaukee Way,2020-05-02,2016-05-16
158,5048377548206064,thuckleby4d@blinklist.com,1729281262,Huckleby,Tades,64 Sycamore Pass,2022-04-28,2006-02-08
159,5108751618971756,kpenhall4e@hubpages.com,3879380442,Penhall,Kassia,577 Talisman Lane,2022-02-01,2010-05-25
160,5108759618884499,jbutson4f@opensource.org,8116321557,Butson,Jenna,49 Mendota Hill,2020-11-29,2001-01-19
161,5108754937885004,cspellman4g@purevolume.com,9017853671,Spellman,Cordie,022 Fairview Terrace,2020-08-11,2002-09-03
162,5108759001192286,mstidever4h@joomla.org,1413093303,Stidever,Minnnie,53190 Arkansas Parkway,2023-09-29,2004-08-27
163,5048371486527623,sclulow4i@redcross.org,9799166259,Clulow,Stan,8121 Union Way,2022-05-31,2002-10-02
164,5048372727184125,bramberg4j@stumbleupon.com,9509717409,Ramberg,Barbra,56 Holy Cross Avenue,2022-04-28,2011-08-07
165,5108751243335732,adrinan4k@ameblo.jp,4392612407,Drinan,Abbot,83006 Melody Street,2023-06-27,2006-12-22
166,5108756262332999,erobathon4l@ezinearticles.com,2175429640,Robathon,Editha,11188 Veith Plaza,2020-02-28,2005-06-28
167,5108755820473766,lpindar4m@paypal.com,8724737134,Pindar,Lynnell,66 Green Park,2023-02-09,2005-03-15
168,5048379761136770,mforri4n@vistaprint.com,3062470959,Forri,Mendy,60390 Dahle Junction,2023-03-22,2004-04-18
169,5108754653576506,egreenman4o@dell.com,4112329811,Greenman,Edwina,26708 Portage Junction,2022-01-09,2011-08-09
170,5108757157410122,foxtaby4p@hubpages.com,1286345511,Oxtaby,Freemon,83185 Mitchell Court,2023-09-02,2001-04-09
171,5108756063530189,rmeriguet4q@weibo.com,3427985370,Meriguet,Ruthi,882 Kenwood Trail,2021-11-20,2015-10-14
172,5048374367546795,kohannen4r@wikia.com,2496900331,O'Hannen,Karine,7490 Old Shore Way,2020-10-23,2007-10-27
173,5108757281949169,astrowthers4s@wikispaces.com,9074508000,Strowthers,Amii,6 Hagan Parkway,2022-08-11,2007-08-04
174,5048378623849448,cwarcop4t@boston.com,4869026493,Warcop,Coraline,1 Heffernan Lane,2023-07-21,2000-03-27
175,5048379941680564,mcatterell4u@utexas.edu,3992451485,Catterell,Muriel,3416 Corry Point,2022-09-27,2020-05-20
176,5108751552665331,alosemann4v@infoseek.co.jp,4449156599,Losemann,Anne-corinne,6 Sommers Trail,2020-01-31,2007-09-05
177,5048377108579470,slowis4w@washingtonpost.com,5286937086,Lowis,Stillman,987 Old Shore Point,2023-07-22,2022-06-19
178,5108759226233840,rhulcoop4x@icio.us,3027679816,Hulcoop,Raoul,346 Service Center,2020-11-20,2008-04-26
179,5048377047051524,belderton4y@theglobeandmail.com,1235033088,Elderton,Bernadene,4 Doe Crossing Circle,2022-10-07,2003-10-20
180,5048372994096200,eridulfo4z@technorati.com,9211818606,Ridulfo,Evonne,482 Farwell Parkway,2021-06-05,2018-03-18
181,5048378371750327,dlanfranconi50@cbc.ca,1833440306,Lanfranconi,Dame,86 Northport Alley,2021-01-01,2017-04-13
182,5048372065578508,cdrewclifton51@gnu.org,9845208028,Drew-Clifton,Clementius,498 Bunting Circle,2022-07-29,2006-10-01
183,5108755068497477,hhouson52@wired.com,1859663763,Houson,Halli,2 Ludington Crossing,2022-03-16,2018-04-03
184,5048372255339653,kclowsley53@networkadvertising.org,7221057327,Clowsley,Konstantine,5177 Kenwood Avenue,2021-12-24,2011-06-30
185,5108751319819528,cfreen54@hc360.com,3023068113,Freen,Collie,9484 Aberg Point,2020-08-01,2016-12-27
186,5108758607697508,tsiviter55@yale.edu,8735457487,Siviter,Tiffie,7421 Schmedeman Hill,2021-01-01,2004-05-02
187,5108751810851343,kkingscote56@independent.co.uk,1558749674,Kingscote,Kai,4501 Mendota Road,2022-06-30,2010-10-22
188,5048371096340615,wcollerd57@google.co.uk,1308368972,Collerd,Whitby,45 Anderson Circle,2023-10-12,2018-07-28
189,5048374968879413,cbrampton58@timesonline.co.uk,4666480100,Brampton,Chad,12948 Rusk Hill,2023-12-13,2013-11-22
190,5048379747885037,gsandbrook59@patch.com,5548891191,Sandbrook,Gabriel,34645 Forest Dale Court,2021-08-28,2002-08-19
191,5108759588249236,esaby5a@msn.com,7177610622,Saby,Elie,14405 Waxwing Center,2022-05-13,2014-01-19
192,5048379042463738,bmorden5b@cdc.gov,4471611804,Morden,Brianne,36 Aberg Terrace,2021-11-09,2017-03-18
193,5048375146800312,gmallindine5c@deliciousdays.com,8197369239,Mallindine,Gale,187 Coleman Circle,2020-10-14,2016-10-15
194,5048374928416884,twale5d@google.ca,1161576226,Wale,Therine,45 Bultman Alley,2022-12-01,2011-10-01
195,5108752969748603,opratty5e@sphinn.com,3246432139,Pratty,Octavia,32 Forest Run Junction,2023-02-06,2020-10-05
196,5048371130740671,kpardew5f@reverbnation.com,4978490448,Pardew,Kerrie,11 Porter Avenue,2022-06-25,2013-08-11
197,5108758824459377,aaspinal5g@engadget.com,5427964012,Aspinal,Angelika,06 Schlimgen Hill,2020-01-17,2017-01-19
198,5048373756853143,ecoweuppe5h@mapquest.com,8416019903,Coweuppe,Ethel,8604 Tennessee Terrace,2022-09-05,2000-07-22
199,5048378315806953,srosewarne5i@apache.org,8503189318,Rosewarne,Shay,590 Texas Center,2023-04-14,2012-02-08
200,5048373739404683,cgavey5j@dell.com,7704528160,Gavey,Codi,043 Dovetail Pass,2022-07-08,2011-01-22
201,5108752698375413,soverstreet5k@usa.gov,1725814414,Overstreet,Scotti,548 Drewry Center,2020-09-26,2017-03-23
202,5108753705687451,nsarfas5l@ebay.com,6645607323,Sarfas,Nady,68536 Sage Plaza,2022-04-06,2021-11-26
203,5048378123608617,sguisot5m@list-manage.com,9051307774,Guisot,Sol,64 Brickson Park Trail,2022-07-21,2013-03-07
204,5048375464143493,eodegaard5n@wufoo.com,3672823608,Odegaard,Etti,51046 Old Shore Court,2021-04-30,2018-01-21
205,5108757364976550,lpittoli5o@si.edu,2047390824,Pittoli,Lowell,426 Farwell Pass,2022-02-17,2008-07-31
206,5108755227462487,jhazel5p@altervista.org,7066827634,Hazel,Jermaine,8 Cambridge Terrace,2021-10-30,2019-10-10
207,5108755359609145,chighwood5q@columbia.edu,7523289576,Highwood,Cristionna,1222 Darwin Hill,2021-02-13,2022-07-26
208,5108757887737893,saltoft5r@va.gov,7006580231,Altoft,Scotty,76 Burrows Way,2023-06-21,2021-01-22
209,5048373633039999,vtwelvetree5s@independent.co.uk,2323321919,Twelvetree,Valentijn,8054 3rd Plaza,2020-12-08,2010-03-17
210,5048379779151639,glittleproud5t@typepad.com,6101103271,Littleproud,Gus,9 Fuller Hill,2022-05-26,2002-11-15
211,5048375507547478,bdavley5u@artisteer.com,5549780883,Davley,Bryn,95953 Valley Edge Pass,2021-03-30,2009-06-02
212,5048373344866219,mclemas5v@hugedomains.com,6037211128,Clemas,Monro,2 Waywood Circle,2020-01-07,2017-05-08
213,5108753401341890,cbrandreth5w@squidoo.com,6235247480,Brandreth,Corenda,94695 Talisman Way,2020-03-24,2003-12-17
214,5108758256161855,dhirche5x@eventbrite.com,8885862532,Hirche,Debera,97 Havey Place,2021-05-30,2021-01-05
215,5108758476013050,jkenna5y@cnbc.com,5527527909,Kenna,Jo-ann,7731 Montana Alley,2021-10-21,2003-09-17
216,5048377105953959,nworvill5z@cornell.edu,9854690687,Worvill,Norman,9 Everett Way,2021-04-08,2007-08-09
217,5048374341193276,spillinger60@reddit.com,6612283541,Pillinger,Shandra,09926 Amoth Junction,2021-09-01,2012-04-05
218,5048370253752877,sclowley61@techcrunch.com,5236530137,Clowley,Stephannie,3 Goodland Court,2021-10-02,2014-02-14
219,5108753420036786,icoleborn62@opensource.org,1113810542,Coleborn,Isadore,96 Kings Street,2022-06-14,2019-12-17
220,5108759156667611,lbrock63@cargocollective.com,5456784182,Brock,Lorraine,31240 Fair Oaks Junction,2023-06-12,2005-03-11
221,5108758212342136,matley64@technorati.com,2929071565,Atley,Muriel,8 Pawling Hill,2023-04-20,2001-08-13
222,5108757517740697,rspearman65@springer.com,3305727399,Spearman,Raven,042 Drewry Center,2020-04-06,2018-05-16
223,5048378334408914,ajeanes66@yale.edu,2699057237,Jeanes,Amber,313 Marcy Circle,2023-11-30,2008-08-17
224,5108758359122218,follerhad67@state.tx.us,7663329493,Ollerhad,Fidelity,1 Northfield Park,2021-03-13,2002-03-17
225,5108759465181106,hpolycote68@friendfeed.com,6289651540,Polycote,Hailee,3 Springs Trail,2021-07-27,2014-08-05
226,5048371135298600,dgossop69@soup.io,2924542975,Gossop,Devy,753 Oneill Point,2021-11-16,2015-03-14
227,5048374533023133,drimmer6a@gmpg.org,4456766712,Rimmer,Danny,48865 Bayside Center,2021-11-07,2010-07-21
228,5108755488460220,rhalley6b@printfriendly.com,3359820404,Halley,Ripley,43198 Raven Court,2020-10-26,2006-11-23
229,5108757615270985,mbruneau6c@usatoday.com,8434611038,Bruneau,Morgun,47930 Dawn Place,2022-09-30,2017-05-28
230,5108750152482758,dheather6d@digg.com,2798024770,Heather,Dode,229 Sunfield Trail,2020-11-25,2005-01-22
231,5108752227234818,rsoares6e@360.cn,4566475069,Soares,Ruddie,48 Clove Street,2020-10-18,2000-06-12
232,5048378206912118,egothup6f@shutterfly.com,2783816840,Gothup,Emmet,3 Melody Avenue,2022-10-04,2005-07-28
233,5048379024955750,fdresser6g@uiuc.edu,5346186330,Dresser,Flin,3398 Merrick Road,2022-09-29,2019-04-22
234,5048378610510995,kearthfield6h@fda.gov,9224126302,Earthfield,Katharyn,803 Di Loreto Park,2022-01-18,2013-07-26
235,5048370179753983,dtree6i@ucsd.edu,7904117368,Tree,Diahann,2928 David Crossing,2023-07-13,2008-12-31
236,5108751514902228,iswainger6j@eventbrite.com,2989022076,Swainger,Ilysa,437 Brentwood Circle,2023-11-24,2022-09-21
237,5048372471088829,vleetham6k@netvibes.com,4992914588,Leetham,Vannie,9575 Veith Street,2020-10-11,2011-09-19
238,5048376704297321,awittier6l@msn.com,5787344283,Wittier,Ammamaria,1086 Johnson Terrace,2022-09-08,2017-07-13
239,5048374877038093,dagass6m@chronoengine.com,5848737743,Agass,Dacia,860 Melvin Lane,2022-10-10,2009-05-22
240,5048373716992106,blakey6n@360.cn,6368164316,Lakey,Bentlee,8798 Rusk Way,2020-06-13,2017-07-14
241,5048370721153690,tahlin6o@oaic.gov.au,1044275657,Ahlin,Thomas,21 Sullivan Center,2023-03-09,2012-10-25
242,5048376001604641,hboolsen6p@google.fr,4917107586,Boolsen,Hazel,80 Tennessee Street,2020-06-06,2001-10-27
243,5108753026828875,mwilloughby6q@goo.ne.jp,6846886627,Willoughby,Micheil,4 Westend Lane,2022-08-17,2005-01-17
244,5048374829459496,sblaasch6r@sun.com,2599906969,Blaasch,Sloan,4078 Butternut Street,2021-05-31,2006-04-14
245,5048373997514611,bivatt6s@a8.net,5107706663,Ivatt,Bendicty,2 1st Circle,2023-08-01,2006-04-30
246,5108752132509791,blappine6t@about.me,2211081423,Lappine,Bree,678 Eastwood Lane,2020-06-20,2021-05-07
247,5048375399157147,sbeuscher6u@opensource.org,7889284161,Beuscher,Saba,9 Springs Circle,2020-11-11,2004-07-29
248,5108754768288443,dbarefoot6v@angelfire.com,1428166353,Barefoot,Dell,6507 Moose Place,2021-06-02,2006-07-08
249,5108751544186123,opimer6w@hexun.com,1125936496,Pimer,Oralie,7703 Sachs Road,2020-03-05,2016-04-02
250,5108759924744767,acristofvao6x@amazon.de,7169277515,Cristofvao,Adamo,1781 Texas Court,2020-10-07,2014-10-10
251,5108753607525841,rwilloughley6y@usa.gov,7712188238,Willoughley,Risa,19492 Garrison Junction,2022-10-16,2017-04-21
252,5048370089351043,aslorach6z@example.com,4408052107,Slorach,Ambur,74 Ramsey Court,2020-06-10,2014-07-18
253,5108759925123862,vconradie70@naver.com,6816926807,Conradie,Vonny,6 Dexter Point,2021-04-19,2018-12-16
254,5048371307185312,fbernat71@businessinsider.com,7064230164,Bernat,Frasier,7 Kingsford Junction,2020-10-02,2015-04-10
255,5048372220652081,cbeevers72@tumblr.com,3165809683,Beevers,Clio,995 Hayes Place,2021-01-30,2000-01-11
256,5048379779338830,rserginson73@hugedomains.com,4464317252,Serginson,Rosmunda,593 Everett Road,2021-01-12,2000-04-08
257,5108759064892012,kmeaton74@jalbum.net,8333785008,Meaton,Kennith,2373 Dwight Court,2020-08-04,2011-03-18
258,5108752540542699,laimable75@sitemeter.com,9381650655,Aimable,Lucie,3 Maryland Court,2022-05-10,2017-12-31
259,5048372307733457,nmontier76@istockphoto.com,1509655084,Montier,Nancie,25 Morrow Parkway,2023-07-28,2003-11-05
260,5108752958616977,msikorsky77@networksolutions.com,5352262801,Sikorsky,Morris,046 Anniversary Center,2022-12-15,2000-01-01
261,5048377398278114,flazell78@booking.com,8145237731,Lazell,Fredi,77 John Wall Point,2022-01-27,2006-06-17
262,5108753461770749,dcaccavale79@gizmodo.com,4195498146,Caccavale,Danella,7 Tony Road,2020-09-22,2002-02-11
263,5108756341270384,idryden7a@purevolume.com,9814238754,Dryden,Inger,8 Sunfield Place,2020-01-02,2001-01-28
264,5048373846230799,enockolds7b@netlog.com,4394704016,Nockolds,Everett,84114 Straubel Hill,2022-12-27,2009-11-05
265,5048375950408566,kshimwell7c@goo.ne.jp,1506645295,Shimwell,Kipp,4 Stone Corner Terrace,2022-10-05,2009-10-26
266,5048373246032530,srevel7d@npr.org,3722775122,Revel,Shayna,45873 Grayhawk Parkway,2022-08-17,2010-12-26
267,5108755358658143,kmctrustie7e@goo.ne.jp,9074671398,McTrustie,Keelby,6 Fuller Way,2022-08-15,2019-09-03
268,5108758147956786,cderuggero7f@usa.gov,4783186347,De Ruggero,Cosme,9 Miller Lane,2020-01-19,2002-06-19
269,5108757751242798,cledster7g@sciencedaily.com,6788691722,Ledster,Caprice,9116 4th Circle,2022-09-21,2005-12-13
270,5108755559533921,vcass7h@howstuffworks.com,7577945763,Cass,Vere,9 Loeprich Junction,2020-08-15,2007-11-21
271,5048371212399586,lkyte7i@nbcnews.com,8383293938,Kyte,Layton,54 Welch Trail,2022-10-03,2001-09-26
272,5108755449012201,nbrooker7j@washington.edu,9705249834,Brooker,Nady,6 Rieder Lane,2022-06-11,2009-09-12
273,5048374947779486,bmapother7k@microsoft.com,9503020200,Mapother,Brittne,85970 Lighthouse Bay Alley,2021-02-24,2013-09-05
274,5108759381571018,mmatfield7l@nationalgeographic.com,8356426204,Matfield,Margaret,8 Daystar Way,2020-01-06,2009-08-20
275,5048371952587861,jgibke7m@sbwire.com,5241344771,Gibke,Josey,375 Northport Trail,2021-04-14,2021-02-09
276,5048374039411410,nwiddall7n@msu.edu,5548811493,Widdall,Nadiya,232 Huxley Pass,2021-05-17,2008-12-29
277,5108752132122124,dcreaven7o@mapy.cz,7002179759,Creaven,Drugi,30 Gina Plaza,2021-03-09,2013-06-28
278,5048375566216601,jjeannard7p@scribd.com,2896565612,Jeannard,Jimmy,9230 Jenna Lane,2021-09-12,2021-10-08
279,5108753559233774,ntutchell7q@jalbum.net,4373539881,Tutchell,Nahum,4084 Charing Cross Trail,2023-08-22,2001-11-18
280,5108752197631118,ftippetts7r@intel.com,2513043957,Tippetts,Fara,77985 Farmco Plaza,2022-02-02,2005-12-08
281,5048371513384550,lharesign7s@statcounter.com,9523543282,Haresign,Lauree,382 Morrow Trail,2021-04-10,2014-10-15
282,5048376735395896,oenga7t@addthis.com,1027932599,Enga,Otho,888 Holmberg Point,2023-01-06,2016-12-30
283,5048371884570894,cdifranceshci7u@intel.com,9666599474,Di Franceshci,Chilton,17986 Reindahl Way,2023-10-29,2015-09-19
284,5048379022405808,mpagram7v@sbwire.com,7026354801,Pagram,Mathilda,0389 American Alley,2022-12-16,2014-11-15
285,5108759939607058,cshearston7w@cornell.edu,5018018730,Shearston,Cariotta,626 Logan Parkway,2022-12-04,2001-11-04
286,5048376546384428,twillacot7x@opera.com,7258258705,Willacot,Tate,00402 Dapin Street,2023-07-11,2015-06-24
287,5108759473413640,jmclemon7y@admin.ch,1043503104,McLemon,Jolyn,210 Stang Junction,2022-03-02,2013-09-09
288,5108757855028630,etredget7z@hibu.com,9469395125,Tredget,Efrem,34 Tennessee Lane,2020-10-23,2017-10-04
289,5048374641861374,dgidney80@newyorker.com,6459577518,Gidney,Donalt,09940 La Follette Crossing,2020-10-18,2017-12-10
290,5048379388567316,wkidner81@surveymonkey.com,7011786215,Kidner,Winslow,73 Coleman Trail,2021-05-21,2018-11-25
291,5108758830451806,ccourtney82@umich.edu,2177560928,Courtney,Corie,33 Mendota Drive,2021-03-18,2016-08-01
292,5108757214244472,bmasdon83@nbcnews.com,5521689679,Masdon,Bert,80432 Superior Drive,2021-04-15,2000-10-31
293,5048376521388527,bhanscombe84@cafepress.com,6388194923,Hanscombe,Bettye,77389 David Trail,2022-09-21,2019-03-18
294,5048376532135149,bcullimore85@hao123.com,9061409218,Cullimore,Barrie,315 Bultman Drive,2020-12-19,2009-11-18
295,5048376583794786,ewestrey86@tinyurl.com,7364292811,Westrey,Emmett,30 Sage Plaza,2021-07-16,2015-03-18
296,5048373588052146,tmanagh87@nature.com,3391010654,Managh,Tammy,00939 Dexter Junction,2023-12-17,2007-05-21
297,5108754477662151,wmateuszczyk88@bluehost.com,5878221237,Mateuszczyk,Willabella,8382 Thackeray Park,2023-06-25,2011-03-22
298,5108752615256647,acrockley89@mozilla.com,8811541105,Crockley,Alejoa,653 Red Cloud Place,2022-04-26,2008-04-10
299,5108756326618458,ibrumhead8a@jimdo.com,1942970115,Brumhead,Isidora,78072 Eastlawn Trail,2023-06-13,2003-05-27
300,5048377918906384,gellingham8b@virginia.edu,1843798540,Ellingham,Gauthier,483 Arapahoe Court,2021-05-12,2001-06-20
301,5108752923783373,rduiged8c@mtv.com,8345426197,Duiged,Rosalind,824 Warbler Street,2023-09-04,2017-07-25
302,5048379426547577,ibrikner8d@apple.com,6558314429,Brikner,Inger,8 Bay Avenue,2022-02-11,2016-02-17
303,5048376324799938,bgherarducci8e@indiatimes.com,6354083015,Gherarducci,Brynne,83 Anthes Point,2020-08-26,2011-12-10
304,5048374935237190,tgors8f@spiegel.de,9464286988,Gors,Tessie,7219 Anniversary Court,2022-04-30,2011-04-23
305,5048371198172379,pwehner8g@msn.com,4011816690,Wehner,Pietro,72 Ronald Regan Terrace,2020-12-10,2005-10-26
306,5048378215853055,ileteve8h@independent.co.uk,2621455065,Le Teve,Izaak,74798 Fieldstone Pass,2020-07-13,2017-04-30
307,5108756382158340,tepperson8i@clickbank.net,4687476266,Epperson,Thaddus,5 Prairie Rose Junction,2021-05-19,2014-03-02
308,5108759665580925,sslimings8j@fotki.com,3068912595,Slimings,Sofie,5028 Riverside Way,2020-03-16,2020-08-28
309,5048378238197464,scurrom8k@pen.io,8776029304,Currom,Skelly,73 Eggendart Avenue,2020-08-04,2010-01-19
310,5048376382873047,tbarz8l@uiuc.edu,6271679885,Barz,Tresa,2495 Merry Park,2021-11-12,2011-09-28
311,5108753744880638,bcraghead8m@yahoo.com,2335461061,Craghead,Benita,2 Oriole Street,2022-12-27,2006-06-14
312,5108758865266665,ltull8n@nature.com,5497191164,Tull,Lorant,17 Meadow Vale Center,2020-12-30,2002-11-20
313,5108757872633115,tjaouen8o@wunderground.com,6386079209,Jaouen,Taylor,00355 Coolidge Court,2023-02-05,2005-11-20
314,5108758119812769,bhambrook8p@yellowbook.com,7283975368,Hambrook,Byron,67799 Helena Lane,2022-03-05,2005-11-23
315,5048379558523628,fallder8q@blinklist.com,6678306552,Allder,Francisco,326 Brentwood Alley,2020-08-14,2005-08-09
316,5048379868094765,gmervyn8r@ebay.com,4594719923,Mervyn,Germaine,93102 Portage Center,2021-12-04,2017-07-11
317,5108754090229420,ctalboy8s@walmart.com,2245007509,Talboy,Constantine,0700 Havey Alley,2022-06-27,2010-05-06
318,5108750394310569,cyendall8t@phoca.cz,8239085921,Yendall,Catlee,4622 Village Parkway,2020-06-04,2011-11-21
319,5048379162529011,cplover8u@xing.com,5927058879,Plover,Colette,85742 Mccormick Drive,2021-08-02,2016-12-07
320,5048372299583852,kfiggess8v@seattletimes.com,3054832642,Figgess,Kalinda,3 Mockingbird Center,2022-02-27,2021-10-28
321,5108758834602503,tvanrembrandt8w@livejournal.com,1893876557,Van Rembrandt,Tara,030 Stone Corner Court,2022-10-26,2022-09-18
322,5048370051171684,clantiffe8x@last.fm,4397145835,Lantiffe,Cull,0067 Dayton Lane,2020-07-11,2014-07-04
323,5108750747754133,lantao8y@cnet.com,8505452715,Antao,Lyn,7311 Corscot Park,2022-05-18,2017-05-28
324,5108752208233599,twallen8z@ebay.co.uk,2503775256,Wallen,Theodora,37 Bowman Point,2023-05-31,2000-09-30
325,5048371337281826,eodyvoy90@eepurl.com,9753310999,O'Dyvoy,Emera,8412 Kensington Way,2020-02-19,2010-05-03
326,5048379623977023,oclaringbold91@parallels.com,7384955805,Claringbold,Octavius,96782 Clove Point,2022-01-27,2004-04-15
327,5048377007870301,vyendle92@woothemes.com,2808585556,Yendle,Val,5 Mitchell Parkway,2020-10-08,2018-08-30
328,5108751081530154,amatthisson93@statcounter.com,6512984247,Matthisson,Angelika,9 Pennsylvania Park,2021-08-23,2014-06-09
329,5108756397214005,zandrioli94@people.com.cn,6907094042,Andrioli,Zaccaria,8 Delladonna Parkway,2023-06-02,2009-08-07
330,5048374956125944,gohederscoll95@salon.com,5277373000,O'Hederscoll,Gayla,61299 Walton Alley,2023-05-16,2015-11-04
331,5108753063797355,hbondar96@flavors.me,9281426687,Bondar,Harvey,55 Oriole Crossing,2020-10-03,2020-02-07
332,5108753347970364,idomenici97@tiny.cc,8892558471,Domenici,Ingmar,7891 Darwin Road,2023-11-09,2021-12-07
333,5108750919495036,wwoodroof98@i2i.jp,9995008633,Woodroof,Wallas,7227 Lindbergh Hill,2023-08-30,2003-09-12
334,5108752219955370,ltiner99@4shared.com,5637353045,Tiner,Lauralee,6362 Daystar Plaza,2023-04-26,2019-02-13
335,5108755503088667,rpeers9a@japanpost.jp,9941167536,Peers,Rea,2022 Novick Terrace,2023-07-29,2006-12-09
336,5048376833977371,fashbee9b@altervista.org,9755661415,Ashbee,Franklyn,6152 Algoma Park,2020-04-07,2000-07-29
337,5048372250809031,awankling9c@wix.com,1877351541,Wankling,Alexandra,918 Dayton Circle,2020-11-01,2012-03-23
338,5108755249089722,cpooly9d@mayoclinic.com,4506905275,Pooly,Cole,2 Reindahl Alley,2023-04-27,2007-09-13
339,5048379666473443,yiannuzzelli9e@ifeng.com,6224381270,Iannuzzelli,Yettie,412 Fisk Junction,2022-08-05,2021-07-24
340,5048378945800624,rangrick9f@hibu.com,2692976299,Angrick,Rolph,8 Moose Lane,2023-06-30,2008-01-09
341,5108754481329870,obettles9g@icio.us,5481100663,Bettles,Orren,673 Montana Plaza,2023-07-24,2001-04-18
342,5048374601736699,adorkens9h@who.int,4848402064,Dorkens,Alecia,97377 Burrows Alley,2021-03-03,2017-09-30
343,5108755782402787,nquinton9i@usgs.gov,1506796639,Quinton,Nicolis,8499 Kensington Circle,2021-09-27,2002-07-23
344,5108755124174748,cchishull9j@weebly.com,2085777886,Chishull,Cyndia,6 Algoma Parkway,2023-10-25,2008-02-22
345,5108755294787253,bpetruk9k@mozilla.com,2673567412,Petruk,Bobbie,214 Myrtle Road,2021-02-24,2003-06-05
346,5048376353501544,clower9l@webeden.co.uk,2772559628,Lower,Clarissa,84295 Maple Drive,2020-12-01,2011-07-22
347,5048376477217308,lkiely9m@photobucket.com,5467811026,Kiely,Lyndsey,3749 Clarendon Center,2023-01-19,2009-08-21
348,5108754677945182,mcroucher9n@cbsnews.com,1416944209,Croucher,Marsiella,080 Straubel Trail,2021-10-09,2004-03-31
349,5108752172025856,hpierrepoint9o@merriam-webster.com,7972949048,Pierrepoint,Hercule,991 Pepper Wood Pass,2020-04-30,2018-08-23
350,5048374674197258,fwatkiss9p@earthlink.net,9079756147,Watkiss,Felice,7 Truax Circle,2020-11-02,2002-01-17
351,5108756383449110,fcamilio9q@salon.com,2658865364,Camilio,Forbes,539 Chinook Place,2023-04-17,2005-12-29
352,5108756574225055,nperkinson9r@nationalgeographic.com,7686824647,Perkinson,Nye,091 Prairie Rose Drive,2020-07-24,2012-03-17
353,5108751339034702,btrimnell9s@alexa.com,8438575805,Trimnell,Bee,4188 Lakewood Crossing,2022-04-03,2001-01-15
354,5108753587776265,wsanto9t@ted.com,3698351168,Santo,Woody,3392 Novick Place,2022-10-13,2005-04-21
355,5048374312838560,apoulglais9u@homestead.com,8362785844,Poulglais,Adlai,65957 Redwing Point,2020-10-08,2016-02-23
356,5048375969642197,cleestut9v@go.com,4623602650,Le Estut,Celeste,9 Farragut Street,2022-09-27,2000-06-21
357,5048377028637291,abartlomieczak9w@wufoo.com,9739788653,Bartlomieczak,Aleece,69 Dorton Place,2022-06-20,2017-05-23
358,5048370770466753,rmcaster9x@arstechnica.com,1085675147,McAster,Rosanne,01530 Nelson Terrace,2020-06-16,2011-11-12
359,5108759359851707,kwards9y@e-recht24.de,1522592801,Wards,Kamillah,62264 Independence Plaza,2021-02-21,2013-04-01
360,5108754490570563,xwarrington9z@berkeley.edu,6261419039,Warrington,Xaviera,3930 Jana Road,2023-11-28,2017-08-28
361,5048371103789416,scushellya0@hao123.com,8268857548,Cushelly,Saxon,84 Kings Crossing,2023-06-11,2002-03-15
362,5108752597570395,krabiera1@berkeley.edu,1501175830,Rabier,Karoline,06666 Ruskin Circle,2022-03-21,2014-05-25
363,5108750983589946,wbrinkleya2@163.com,6568330064,Brinkley,Wyn,51 Express Center,2022-02-09,2010-10-15
364,5048375832614795,gpantridgea3@boston.com,1797638613,Pantridge,Giordano,5 Reindahl Circle,2020-02-07,2005-01-29
365,5048374711673980,limmsa4@washingtonpost.com,5418982497,Imms,Lanae,12169 Del Sol Crossing,2020-07-24,2016-02-26
366,5108759541154077,dalfusoa5@taobao.com,2658603055,Alfuso,Dawn,28 Clyde Gallagher Junction,2023-02-25,2003-09-24
367,5108757300331332,rwhottona6@shop-pro.jp,1612194760,Whotton,Rebbecca,50863 Garrison Hill,2022-02-14,2001-09-23
368,5108750389513888,asiggerya7@statcounter.com,7003608259,Siggery,Alane,62031 New Castle Trail,2022-12-07,2022-12-30
369,5048370960112902,ldowsa8@apple.com,4947288609,Dows,Lenora,3017 Maple Wood Junction,2023-05-03,2008-05-01
370,5048377367786675,rkindleya9@tripod.com,8517468091,Kindley,Renard,3 Farragut Court,2022-12-07,2019-01-29
371,5108751564188223,jmedgwickaa@noaa.gov,9013639493,Medgwick,Joseph,09453 Shasta Hill,2020-12-17,2006-04-13
372,5048373837741754,cellinghamab@utexas.edu,7209156502,Ellingham,Clarette,76 Springview Trail,2023-08-18,2004-02-28
373,5048377151354938,wgobolosac@mlb.com,4945003488,Gobolos,Washington,9997 Barby Lane,2023-08-10,2000-08-04
374,5108752418009607,fmaybeyad@youku.com,9353263627,Maybey,Fayette,0 Transport Terrace,2023-11-09,2014-12-02
375,5108755487772005,gthomkeae@eventbrite.com,6151524027,Thomke,Gerty,104 Amoth Road,2021-01-21,2008-09-14
376,5108750045336591,aodeoranaf@gov.uk,8594853366,O'Deoran,Ario,15399 Rigney Parkway,2021-07-10,2012-02-20
377,5048370340363498,vetuckag@oaic.gov.au,2273677016,Etuck,Virgie,4492 Del Sol Point,2020-12-08,2018-05-04
378,5108752982781987,abrewittah@csmonitor.com,7457962304,Brewitt,Aubine,89517 Amoth Hill,2021-03-24,2010-08-08
379,5048376614371497,cgoodlakeai@indiegogo.com,7343670975,Goodlake,Crysta,518 Shasta Avenue,2022-11-04,2004-11-05
380,5048377670084750,rcamockeaj@noaa.gov,8795909696,Camocke,Reggie,57 Linden Hill,2020-08-06,2003-03-08
381,5108752537274868,vcharkerak@networkadvertising.org,8828523453,Charker,Valli,6 Johnson Terrace,2023-11-29,2003-07-14
382,5108755206809849,nsemensal@domainmarket.com,8479474602,Semens,Nariko,21 Oriole Junction,2020-11-08,2010-07-30
383,5048372227713605,aberzenam@cnet.com,7995054014,Berzen,Augusto,430 Corscot Trail,2021-12-31,2012-08-30
384,5048374137127488,htettersellan@etsy.com,3977697833,Tettersell,Homer,8 Goodland Drive,2020-12-08,2013-08-07
385,5048377880338103,cpendockao@dmoz.org,5843173860,Pendock,Culley,30845 Melody Avenue,2020-07-13,2015-09-19
386,5108750926088568,sanderssonap@google.ru,7455844608,Andersson,Sibylle,0 Florence Street,2020-06-27,2020-04-25
387,5108756041510162,tmerringtonaq@mtv.com,1794750386,Merrington,Tanhya,48 Warbler Parkway,2023-08-03,2021-04-17
388,5048379272029142,eclevelyar@walmart.com,7348027656,Clevely,Erin,2719 Ridge Oak Parkway,2020-03-10,2015-10-28
389,5108755010519733,sbaudyas@buzzfeed.com,5013482194,Baudy,Seymour,941 Clyde Gallagher Center,2023-10-14,2003-04-04
390,5108756733470683,gmaystoneat@sciencedaily.com,5702333185,Maystone,Garrot,23368 Oak Center,2022-08-28,2020-10-23
391,5108750255927188,nzupaau@hp.com,6862238327,Zupa,Nikita,0 Loeprich Pass,2020-07-26,2001-05-18
392,5108752901123402,tdeclairmontav@mapquest.com,5002352116,De Clairmont,Tammie,4978 Arapahoe Way,2021-06-12,2022-09-15
393,5108759505558701,acraisfordaw@aboutads.info,6347591460,Craisford,Alejandro,354 Petterle Terrace,2021-04-25,2020-06-03
394,5048376992087699,mdemattiaax@skyrock.com,2404670855,De Mattia,Madlen,8613 Magdeline Crossing,2023-08-15,2008-07-10
395,5048373896466707,charwinay@weebly.com,9421543951,Harwin,Christie,43 Grim Trail,2020-10-17,2002-08-08
396,5048377476584151,agosneyaz@dell.com,7418838653,Gosney,Aleta,0190 Annamark Point,2023-12-08,2003-11-09
397,5108756806887797,jfrostdykeb0@sourceforge.net,5754595048,Frostdyke,Johnathon,7 Towne Road,2023-07-20,2017-02-03
398,5108758290669764,mriccardib1@youku.com,7609533633,Riccardi,Marion,4 Merchant Street,2023-09-23,2006-07-06
399,5048373031428364,jhasnneyb2@mapquest.com,6319617484,Hasnney,Josephina,0 Pierstorff Trail,2021-05-08,2014-07-22
400,5108758968041361,rmurbyb3@cnn.com,8095418359,Murby,Rivy,7 Twin Pines Trail,2023-06-29,2018-04-03